anio,datos faltantes,porcentaje
2010,3284686,8.153130679502436
2011,2848192,6.21160576435668
2012,3918600,7.745725307832095
2013,5500223,10.320007647753767
2014,4012769,7.338527107753445
2015,3589566,6.193923868093089
2016,2755000,4.699972359726979
2017,2195603,3.742307090307204
2018,104460,0.17239863237679984
2019,191089,0.3138358912020248
